[
{
"userid":"u00001",
"username":"SalmanKhan50",
"email":"JiteshAnand7@gmail.com",
"password":"123456",
"city":"Mumbai",
"state":"Maharashtra",
"country":"India",
"followers":3500,
"connections":8000,
"type":"Broker",
"employer":"ICICI Securities"

},
{
"userid":"u00002",
"username":"JiteshAnand7",
"email":"JiteshAnand7@gmail.com",
"password":"123456",
"city":"Faridabad",
"state":"Haryanaa",
"country":"India",
"followers":345,
"connections":690,
"type":"Broker",
"employer":"Deloitte Consulting"
},
{
"userid":"u00003",
"username":"jytotimehak",
"email":"JiteshAnand7@gmail.com",
"password":"123456",
"city":"Delhi",
"state":"Delhi",
"country":"India",
"followers":250,
"connections":1800,
"type":"Broker",
"employer":"Reliance"
},
{
"userid":"u00004",
"username":"shashanksah",
"email":"shashanksah@gmail.com",
"password":"12dsdds",
"city":"Mumbai",
"state":"Maharashtra",
"country":"India",
"followers":350,
"connections":800,
"type":"Broker",
"employer":"Tata Securities"
},
{
"userid":"u00005",
"username":"SalmanKhan50",
"email":"JiteshAnand7@gmail.com",
"password":"123456",
"city":"Mumbai",
"state":"Maharashtra",
"country":"India",
"followers":3500,
"connections":8000,
"type":"Broker",
"employer":"ICICI Securities"

},
{
"userid":"u00006",
"username":"JiteshAnand7",
"email":"JiteshAnand7@gmail.com",
"password":"123456",
"city":"Faridabad",
"state":"Haryanaa",
"country":"India",
"followers":345,
"connections":690,
"type":"Broker",
"employer":"Deloitte Consulting"
},
{
"userid":"u00007",
"username":"jytotimehak",
"email":"JiteshAnand7@gmail.com",
"password":"123456",
"city":"Delhi",
"state":"Delhi",
"country":"India",
"followers":250,
"connections":1800,
"type":"Broker",
"employer":"Reliance"
},
{
"userid":"u00008",
"username":"shashanksah",
"email":"shashanksah@gmail.com",
"password":"12dsdds",
"city":"Mumbai",
"state":"Maharashtra",
"country":"India",
"followers":350,
"connections":800,
"type":"Broker",
"employer":"Tata Securities"
}
]